연번,시도청,경찰서,관서명,구분,전화번호,주소,category,주소,location,lat,lng,img
1,서울청,서울중부,을지,지구대,02-2279-1908,서울특별시 중구  을지로 234,경찰서,서울특별시 중구  을지로 234,서울중부 을지지구대,37.5659094,126.9827821,police1
2,서울청,서울중부,광희,지구대,02-2233-1444,서울특별시 중구  퇴계로 375-1,경찰서,서울특별시 중구  퇴계로 375-1,서울중부 광희지구대,37.5652647,127.01334641305979,police2
3,서울청,서울중부,약수,지구대,02-2234-8112,"서울특별시 중구  동호로 5길 15, 약수지구대",경찰서,"서울특별시 중구  동호로 5길 15, 약수지구대",서울중부 약수지구대,37.5521442775352,127.0123820902,police3
4,서울청,서울중부,신당,파출소,02-2252-0435,"서울특별시 중구  다산로 248 (신당동, 신당파출소)",경찰서,서울특별시 중구  다산로 248 ,서울중부 신당파출소,37.5650442671787,127.01638496365,police4
5,서울청,서울중부,장충,파출소,02-2274-9003,서울특별시 중구  동호로 261,경찰서,서울특별시 중구  동호로 261,서울중부 장충파출소,37.5603991,127.002811,police5
6,서울청,서울중부,충무,파출소,02-2278-7710,서울특별시 중구  퇴계로 178,경찰서,서울특별시 중구  퇴계로 178,서울중부 충무파출소,37.5611814,126.9899434,police6
7,서울청,서울중부,을지로3가,파출소,02-2266-2404,서울특별시 중구 충무로56-1,경찰서,서울특별시 중구 충무로56-1,서울중부 을지로3가파출소,37.5661815238113,126.992848341729,police7
8,서울청,서울종로,종로2가,지구대,02-3701-4301,서울특별시 종로구  종로17길 4 종로2가파출소,경찰서,서울특별시 종로구  종로17길 4 종로2가파출소,서울종로 종로2가지구대,37.5705022157858,126.988922852655,police8
9,서울청,서울종로,관수,파출소,02-3701-4302,서울특별시 종로구  삼일대로 386,경찰서,서울특별시 종로구  삼일대로 386,서울종로 관수파출소,37.5702966,126.9878417,police9
10,서울청,서울종로,세검정,파출소,02-3701-4507,서울특별시 종로구  세검정로 226 ,경찰서,서울특별시 종로구  세검정로 226 ,서울종로 세검정파출소,37.6006292,126.9587664,police10
11,서울청,서울종로,평창,파출소,02-3701-4308,서울특별시 종로구  평창문화로 46,경찰서,서울특별시 종로구  평창문화로 46,서울종로 평창파출소,37.6115621,126.979947,police11
12,서울청,서울종로,삼청,파출소,02-3701-4303,서울특별시 종로구  삼청로 66,경찰서,서울특별시 종로구  삼청로 66,서울종로 삼청파출소,37.58136255,126.98114880803581,police12
13,서울청,서울종로,통의,파출소,02-3701-4304,서울특별시 종로구  효자로 9,경찰서,서울특별시 종로구  효자로 9,서울종로 통의파출소,37.5829919,126.9736714,police13
14,서울청,서울종로,청운,파출소,02-3701-4305,서울특별시 종로구  자하문로 92-1,경찰서,서울특별시 종로구  자하문로 92-1,서울종로 청운파출소,37.5832353,126.9720097,police14
15,서울청,서울종로,옥인,파출소,02-3701-4506,서울특별시 종로구  자하문로17길 24,경찰서,서울특별시 종로구  자하문로17길 24,서울종로 옥인파출소,37.5813626,126.9697781,police15
16,서울청,서울종로,교남,파출소,02-3701-4310,서울특별시 종로구  송월길 167(교북동 10-38),경찰서,서울특별시 종로구  송월길 167,서울종로 교남파출소,37.5723,126.9612,police16
17,서울청,서울종로,세종로,파출소,02-3701-4312,서울특별시 중구  세종대로 141,경찰서,서울특별시 중구  세종대로 141,서울종로 세종로파출소,37.5625502,126.9762805,police17
18,서울청,서울종로,신문로,파출소,02-3701-4311,서울특별시 종로구  경희궁길 6-3,경찰서,서울특별시 종로구  경희궁길 6-3,서울종로 신문로파출소,37.57072565,126.97220282388342,police18
19,서울청,서울종로,사직,파출소,02-3701-4309,서울특별시 종로구  사직로9길 1,경찰서,서울특별시 종로구  사직로9길 1,서울종로 사직파출소,37.576191449999996,126.96882915,police19
20,서울청,서울종로,청진,파출소,02-3701-4313,서울특별시 종로구  삼봉로 33 청진파출소,경찰서,서울특별시 종로구  삼봉로 33 청진파출소,서울종로 청진파출소,37.5725858,126.9790194328744,police20
21,서울청,서울남대문,태평로,파출소,02-2096-8471,서울특별시 중구  다동길 11,경찰서,서울특별시 중구  다동길 11,서울남대문 태평로파출소,37.5679325,126.9799967544752,police21
22,서울청,서울남대문,서울역,파출소,02-2096-8472,서울특별시 중구  통일로 13,경찰서,서울특별시 중구  통일로 13,서울남대문 서울역파출소,37.5656627,126.9668554,police22
23,서울청,서울남대문,명동,파출소,02-2096-8473,서울특별시 중구  명동길 30 명동파출소,경찰서,서울특별시 중구  명동길 30 명동파출소,서울남대문 명동파출소,37.5635895671109,126.983968494252,police23
24,서울청,서울남대문,남대문,파출소,02-2096-8474,서울특별시 중구  남대문시장4길 28-16,경찰서,서울특별시 중구  남대문시장4길 28-16,서울남대문 남대문파출소,37.558908,126.9772351,police24
25,서울청,서울남대문,중림,파출소,02-2096-8475,서울특별시 중구  중림로 36,경찰서,서울특별시 중구  중림로 36,서울남대문 중림파출소,37.559202,126.9652818,police25
26,서울청,서울남대문,회현,파출소,02-2096-8476,서울특별시 중구  퇴계로6길 3-10,경찰서,서울특별시 중구  퇴계로6길 3-10,서울남대문 회현파출소,37.5572539,126.9785719,police26
27,서울청,서울남대문,서소문,파출소,02-2096-8477,서울특별시 중구  서소문로 131-1 서소문파출소,경찰서,서울특별시 중구  서소문로 131-1 서소문파출소,서울남대문 서소문파출소,37.5638078,126.97540075828061,police27
28,서울청,서울서대문,충정로,지구대,02-335-8301,서울특별시 서대문구  독립문로 25-1,경찰서,서울특별시 서대문구  독립문로 25-1,서울서대문 충정로지구대,37.5679034,126.9629603,police28
29,서울청,서울서대문,신촌,지구대,02-335-8302,서울특별시 서대문구  신촌역로 22,경찰서,서울특별시 서대문구  신촌역로 22,서울서대문 신촌지구대,37.5591277,126.9425972,police29
30,서울청,서울서대문,홍은,파출소,02-335-8303,서울특별시 서대문구 세검정로1길 112,경찰서,서울특별시 서대문구 세검정로1길 112,서울서대문 홍은파출소,37.5920395,126.9430281,police30
31,서울청,서울서대문,연희,파출소,02-335-8304,서울특별시 서대문구  연희로25길 73,경찰서,서울특별시 서대문구  연희로25길 73,서울서대문 연희파출소,37.5730564,126.9349405,police31
32,서울청,서울서대문,남가좌,파출소,02-335-8305,서울특별시 서대문구  가재울로4길 51,경찰서,서울특별시 서대문구  가재울로4길 51,서울서대문 남가좌파출소,37.5753915,126.9227481,police32
33,서울청,서울서대문,북가좌,파출소,02-335-8306,서울특별시 서대문구  증가로 244,경찰서,서울특별시 서대문구  증가로 244,서울서대문 북가좌파출소,37.5822059,126.9137949,police33
34,서울청,서울서대문,홍제,파출소,02-335-8307,서울특별시 서대문구  통일로 441-1,경찰서,서울특별시 서대문구  통일로 441-1,서울서대문 홍제파출소,37.5711676,126.960453,police34
35,서울청,서울서대문,홍은2,파출소,02-335-8308,서울특별시 서대문구  연희로 298,경찰서,서울특별시 서대문구  연희로 298,서울서대문 홍은2파출소,37.562031,126.9282994,police35
36,서울청,서울혜화,혜화,파출소,02-762-0811,서울특별시 종로구  창경궁로 279 ,경찰서,서울특별시 종로구  창경궁로 279 ,서울혜화 혜화파출소,37.5689866,126.9979243,police36
37,서울청,서울혜화,대학로,파출소,02-763-1230,서울특별시 종로구  이화장2길 33,경찰서,서울특별시 종로구  이화장2길 33,서울혜화 대학로파출소,37.5786519,127.0059099,police37
38,서울청,서울혜화,명륜,파출소,02-762-1120,서울특별시 종로구  성균관로 78,경찰서,서울특별시 종로구  성균관로 78,서울혜화 명륜파출소,37.587395,126.9970466,police38
39,서울청,서울혜화,창신,파출소,02-763-4200,서울특별시 종로구  지봉로13길 20-12,경찰서,서울특별시 종로구  지봉로13길 20-12,서울혜화 창신파출소,37.5774224,127.013386,police39
40,서울청,서울혜화,동묘,파출소,02-2252-0547,서울특별시 종로구  종로58가길 19 동묘파출소,경찰서,서울특별시 종로구  종로58가길 19 동묘파출소,서울혜화 동묘파출소,37.5726963187211,127.017117455617,police40
41,서울청,서울혜화,덕산,파출소,02-763-6843,서울특별시 종로구  창신길 98,경찰서,서울특별시 종로구  창신길 98,서울혜화 덕산파출소,37.5754981,127.0103316,police41
42,서울청,서울혜화,종로5가,파출소,02-2267-2287,서울특별시 종로구  동호로 407,경찰서,서울특별시 종로구  동호로 407,서울혜화 종로5가파출소,37.5703589,127.0014302,police42
43,서울청,서울혜화,효제,파출소,02-762-8485,서울특별시 종로구  종로41나길 24-6,경찰서,서울특별시 종로구  종로41나길 24-6,서울혜화 효제파출소,37.5730297,127.0057926,police43
44,서울청,서울용산,원효,지구대,02-2198-0191,서울특별시 용산구  백범로 329,경찰서,서울특별시 용산구  백범로 329,서울용산 원효지구대,37.5399274,126.9596785,police44
45,서울청,서울용산,용중,지구대,02-2198-0117,"서울특별시 용산구  후암로16나길 17, 용중지구대",경찰서,"서울특별시 용산구  후암로16나길 17, 용중지구대",서울용산 용중지구대,37.549159039208,126.978479404326,police45
46,서울청,서울용산,이태원,파출소,02-2198-0125,서울특별시 용산구  이태원로 184,경찰서,서울특별시 용산구  이태원로 184,서울용산 이태원파출소,37.5344707,126.9928353,police46
47,서울청,서울용산,한남,파출소,02-2198-0136,"서울특별시 용산구  대사관로34길 53, 한남파출소",경찰서,"서울특별시 용산구  대사관로34길 53, 한남파출소",서울용산 한남파출소,37.5310848781248,127.006342547451,police47
48,서울청,서울용산,보광,파출소,02-2198-0143,"서울특별시 용산구  보광로 25-1, 보광파출소",경찰서,"서울특별시 용산구  보광로 25-1, 보광파출소",서울용산 보광파출소,37.5265772465655,127.000208837482,police48
49,서울청,서울용산,삼각지,파출소,02-2198-0152,서울특별시 용산구  한강대로198-2,경찰서,서울특별시 용산구  한강대로198-2,서울용산 삼각지파출소,37.5361101058592,126.974708440403,police49
50,서울청,서울용산,한강로,지구대,02-2198-0158,서울특별시 용산구  서빙고로67,경찰서,서울특별시 용산구  서빙고로67,서울용산 한강로지구대,37.5248628078572,126.970412727842,police50
51,서울청,서울성북,돈암,지구대,02-920-1810,서울특별시 성북구  아리랑로5길 54,경찰서,서울특별시 성북구  아리랑로5길 54,서울성북 돈암지구대,37.5972539,127.0125685,police51
52,서울청,서울성북,안암,지구대,02-920-1820,서울특별시 성북구  지봉로21길 45,경찰서,서울특별시 성북구  지봉로21길 45,서울성북 안암지구대,37.5851816,127.0175598,police52
53,서울청,서울성북,길음,지구대,02-920-1830,서울특별시 성북구  삼양로13길 51 길음지구대,경찰서,서울특별시 성북구  삼양로13길 51 길음지구대,서울성북 길음지구대,37.6106064012716,127.019265676419,police53
54,서울청,서울성북,정릉,파출소,02-920-1840,서울특별시 성북구  솔샘로 111,경찰서,서울특별시 성북구  솔샘로 111,서울성북 정릉파출소,37.6121941,127.0055695,police54
55,서울청,서울성북,정릉2,파출소,02-920-1850,서울특별시 성북구  정릉로26길 6 정릉2파출소,경찰서,서울특별시 성북구  정릉로26길 6 정릉2파출소,서울성북 정릉2파출소,37.6045609452845,127.010720369254,police55
56,서울청,서울성북,성북,파출소,02-920-1860,서울특별시 성북구  성북로 94  성북파출소,경찰서,서울특별시 성북구  성북로 94  성북파출소,서울성북 성북파출소,37.5932727259297,126.998471952841,police56
57,서울청,서울동대문,답십리,지구대,02-961-4301,서울시 동대문구 사가정로 2길 9,경찰서,서울시 동대문구 사가정로 2길 9,서울동대문 답십리지구대,37.5712942968163,127.051067616943,police57
58,서울청,서울동대문,용신,지구대,02-961-4302,서울특별시 동대문구  청계천로549,경찰서,서울특별시 동대문구  청계천로549,서울동대문 용신지구대,37.5728434233834,127.037208959975,police58
59,서울청,서울동대문,청량리,파출소,02-961-4303,서울특별시 동대문구 약령시로21길 15,경찰서,서울특별시 동대문구 약령시로21길 15,서울동대문 청량리파출소,37.5841185,127.04528721693885,police59
60,서울청,서울동대문,제기,파출소,02-961-4304,서울특별시 동대문구 약령시로 17길 59-11,경찰서,서울특별시 동대문구 약령시로 17길 59-11,서울동대문 제기파출소,37.5855626699461,127.042026415272,police60
61,서울청,서울동대문,전농1,파출소,02-961-4305,서울특별시 동대문구 서울시립대로 56,경찰서,서울특별시 동대문구 서울시립대로 56,서울동대문 전농1파출소,37.5778439,127.0490418,police61
62,서울청,서울동대문,전농2,파출소,02-961-4306,서울특별시 동대문구 전농로38다길 21,경찰서,서울특별시 동대문구 전농로38다길 21,서울동대문 전농2파출소,37.5862304,127.0541279,police62
63,서울청,서울동대문,장안1,파출소,02-961-4307,서울특별시 동대문구 한천로20길 7,경찰서,서울특별시 동대문구 한천로20길 7,서울동대문 장안1파출소,37.5692565,127.0653804,police63
64,서울청,서울동대문,장안2,파출소,02-961-4308,서울특별시 동대문구  답십리로 69길 100,경찰서,서울특별시 동대문구  답십리로 69길 100,서울동대문 장안2파출소,37.5767936401153,127.074403847227,police64
65,서울청,서울동대문,이문,지구대,02-961-4309,서울특별시 동대문구  한천로 402,경찰서,서울특별시 동대문구  한천로 402,서울동대문 이문지구대,37.5995567,127.0675418,police65
66,서울청,서울동대문,휘경,파출소,02-961-4310,서울특별시 동대문구  한천로 266,경찰서,서울특별시 동대문구  한천로 266,서울동대문 휘경파출소,37.5702311,127.0642937,police66
67,서울청,서울동대문,회기,파출소,02-961-4311,서울특별시 동대문구  회기로18길 2,경찰서,서울특별시 동대문구  회기로18길 2,서울동대문 회기파출소,37.590221,127.0540786,police67
68,서울청,서울마포,서강,지구대,02-334-4975,"서울특별시 마포구  독막로22길 8(창전동, 서강지구대)",경찰서,서울특별시 마포구  독막로22길 8,서울마포 서강지구대,37.5473472146038,126.929311426746,police68
69,서울청,서울마포,공덕,지구대,02-703-0492,서울특별시 마포구 마포대로 195-1,경찰서,서울특별시 마포구 마포대로 195-1,서울마포 공덕지구대,37.5480632,126.9531495,police69
70,서울청,서울마포,월드컵,지구대,02-373-1113,서울특별시 마포구  월드컵북로 30길 24,경찰서,서울특별시 마포구  월드컵북로 30길 24,서울마포 월드컵지구대,37.5687316891162,126.909082347349,police70
71,서울청,서울마포,홍익,지구대,02-334-8150,서울특별시 마포구  양화로11길 63,경찰서,서울특별시 마포구  양화로11길 63,서울마포 홍익지구대,37.5518366,126.9162644,police71
72,서울청,서울마포,용강,지구대,02-716-6391,서울특별시 마포구 토정로31길 35,경찰서,서울특별시 마포구 토정로31길 35,서울마포 용강지구대,37.5414223,126.9422933,police72
73,서울청,서울마포,상암,파출소,02-309-9525,서울특별시 마포구  매봉산로 76,경찰서,서울특별시 마포구  매봉산로 76,서울마포 상암파출소,37.5748934,126.8900691,police73
74,서울청,서울마포,망원,파출소,02-337-5908,서울특별시 마포구  망원로2길 63,경찰서,서울특별시 마포구  망원로2길 63,서울마포 망원파출소,37.554343,126.902656,police74
75,서울청,서울마포,연남,파출소,02-334-4974,서울특별시 마포구  연남로 4,경찰서,서울특별시 마포구  연남로 4,서울마포 연남파출소,37.5673937,126.9168413,police75
76,서울청,서울영등포,중앙,지구대,02-2118-9101,서울특별시 영등포구  영등포로46길 14,경찰서,서울특별시 영등포구  영등포로46길 14,서울영등포 중앙지구대,37.5186124,126.9078018,police76
77,서울청,서울영등포,여의도,지구대,02-2118-9102,서울특별시 영등포구  여의공원로 120 여의도지구대,경찰서,서울특별시 영등포구  여의공원로 120 여의도지구대,서울영등포 여의도지구대,37.529616000000004,126.9267096922539,police77
78,서울청,서울영등포,문래,지구대,02-2118-9103,서울특별시 영등포구  경인로 759,경찰서,서울특별시 영등포구  경인로 759,서울영등포 문래지구대,37.5200082,126.9145774,police78
79,서울청,서울영등포,신풍,지구대,02-2118-9104,서울특별시 영등포구 신길동 4533-16,경찰서,서울특별시 영등포구 신길동 4533-16,서울영등포 신풍지구대,37.50556,126.91278,police79
80,서울청,서울영등포,신길,지구대,02-2118-9105,서울특별시 영등포구 노량진로 11,경찰서,서울특별시 영등포구 노량진로 11,서울영등포 신길지구대,37.5126598,126.9258013,police80
81,서울청,서울영등포,양평,파출소,02-2118-9106,서울특별시 영등포구  선유로 95,경찰서,서울특별시 영등포구  선유로 95,서울영등포 양평파출소,37.5317764,126.8945263,police81
82,서울청,서울영등포,당산,지구대,02-2118-9107,서울특별시 영등포구  당산로 221,경찰서,서울특별시 영등포구  당산로 221,서울영등포 당산지구대,37.5320286,126.9003117,police82
83,서울청,서울영등포,대림,지구대,02-2118-9108,서울특별시 영등포구  대림로23길 16-1,경찰서,서울특별시 영등포구  대림로23길 16-1,서울영등포 대림지구대,37.493486,126.8991851,police83
84,서울청,서울영등포,대림3,파출소,02-2118-9109,서울특별시 영등포구 대림로 197,경찰서,서울특별시 영등포구 대림로 197,서울영등포 대림3파출소,37.498413,126.8980401,police84
85,서울청,서울영등포,영등포역,파출소,02-2118-9110,서울특별시 영등포구 영신로20길 11,경찰서,서울특별시 영등포구 영신로20길 11,서울영등포 영등포역파출소,37.5150139,126.9081489,police85
86,서울청,서울성동,한양,지구대,02-2292-5975,서울특별시 성동구  사근동길 5,경찰서,서울특별시 성동구  사근동길 5,서울성동 한양지구대,37.5609,127.04555,police86
87,서울청,서울성동,성수,지구대,02-463-0112,서울특별시 성동구  광나루로2길 35 성수지구대,경찰서,서울특별시 성동구  광나루로2길 35 성수지구대,서울성동 성수지구대,37.5482232014778,127.055245559476,police87
88,서울청,서울성동,서울숲,지구대,02-464-0113,서울특별시 성동구  성덕정길 77-2,경찰서,서울특별시 성동구  성덕정길 77-2,서울성동 서울숲지구대,37.5375517,127.0534605,police88
89,서울청,서울성동,왕십리,파출소,02-2295-1241,서울특별시 성동구  마장로 205,경찰서,서울특별시 성동구  마장로 205,서울성동 왕십리파출소,37.56668075,127.03266640000001,police89
90,서울청,서울성동,행당,파출소,02-2292-1812,서울특별시 성동구  행당로 89,경찰서,서울특별시 성동구  행당로 89,서울성동 행당파출소,37.555654,127.024965,police90
91,서울청,서울성동,옥수,파출소,02-2297-5898,서울특별시 성동구  독서당로 211,경찰서,서울특별시 성동구  독서당로 211,서울성동 옥수파출소,37.5486196,127.0228197,police91
92,서울청,서울성동,금호,파출소,02-2231-6253,서울특별시 성동구  금호로11길 2-1,경찰서,서울특별시 성동구  금호로11길 2-1,서울성동 금호파출소,37.5546469,127.0196061,police92
93,서울청,서울성동,응봉,파출소,02-2293-7480,서울특별시 성동구  독서당로 373 응봉파출소,경찰서,서울특별시 성동구  독서당로 373 응봉파출소,서울성동 응봉파출소,37.5497977040106,127.030020362088,police93
94,서울청,서울성동,용답,파출소,02-2245-0189,서울특별시 성동구  용답중앙길 49 용답파출소,경찰서,서울특별시 성동구  용답중앙길 49 용답파출소,서울성동 용답파출소,37.5647821400746,127.051758708211,police94
95,서울청,서울동작,사당,지구대,02-811-9853,서울특별시 동작구  동작대로9길 35,경찰서,서울특별시 동작구  동작대로9길 35,서울동작 사당지구대,37.4806808,126.9794507,police95
96,서울청,서울동작,노량진,지구대,02-811-9813,서울특별시 동작구  등용로12나길 2,경찰서,서울특별시 동작구  등용로12나길 2,서울동작 노량진지구대,37.5116355,126.9336628,police96
97,서울청,서울동작,상도,지구대,02-811-9833,서울특별시 동작구  등용로 24 ,경찰서,서울특별시 동작구  등용로 24 ,서울동작 상도지구대,37.5103026,126.9320528,police97
98,서울청,서울동작,남성,지구대,02-811-9843,서울특별시 동작구 사당로17나길 4,경찰서,서울특별시 동작구 사당로17나길 4,서울동작 남성지구대,37.4844138,126.9727228,police98
99,서울청,서울동작,흑석,지구대,02-811-9823,서울특별시 동작구 노량진로 248,경찰서,서울특별시 동작구 노량진로 248,서울동작 흑석지구대,37.5128185,126.9543139,police99
100,서울청,서울동작,신대방,지구대,02-811-9863,서울특별시 동작구 신대방1다길 24,경찰서,서울특별시 동작구 신대방1다길 24,서울동작 신대방지구대,37.4864985,126.9058503,police100
101,서울청,서울동작,대방,파출소,02-811-9873,서울특별시 동작구 여의대방로 130,경찰서,서울특별시 동작구 여의대방로 130,서울동작 대방파출소,37.5036441,126.9218426,police101
102,서울청,서울광진,광나루,지구대,02-2285-7820,서울특별시 광진구 아차산로 567,경찰서,서울특별시 광진구 아차산로 567,서울광진 광나루지구대,37.54039,127.09457,police102
103,서울청,서울광진,화양,지구대,02-2285-7810,서울특별시 광진구  능동로17길 39 화양지구대,경찰서,서울특별시 광진구  능동로17길 39 화양지구대,서울광진 화양지구대,37.5465267774587,127.071267629589,police103
104,서울청,서울광진,중곡1,파출소,02-2285-7830,서울특별시 광진구 능동로 385,경찰서,서울특별시 광진구 능동로 385,서울광진 중곡1파출소,37.5374433,127.0695827,police104
105,서울청,서울광진,중곡2,파출소,02-2285-7840,서울특별시 광진구  능동로 346,경찰서,서울특별시 광진구  능동로 346,서울광진 중곡2파출소,37.5602711,127.0815066,police105
106,서울청,서울광진,중곡3,파출소,02-2285-7850,서울특별시 광진구 동일로76가길 28,경찰서,서울특별시 광진구 동일로76가길 28,서울광진 중곡3파출소,37.5688317,127.0801796,police106
107,서울청,서울광진,중곡4,파출소,02-2285-7860,서울특별시 광진구  용마산로24길 7,경찰서,서울특별시 광진구  용마산로24길 7,서울광진 중곡4파출소,37.5652341,127.087498,police107
108,서울청,서울광진,자양,파출소,02-2285-7870,서울특별시 광진구 뚝섬로36길 9,경찰서,서울특별시 광진구 뚝섬로36길 9,서울광진 자양파출소,37.5324771,127.0707631,police108
109,서울청,서울광진,자양1,파출소,02-2285-7880,서울특별시 광진구  자양번영로 80,경찰서,서울특별시 광진구  자양번영로 80,서울광진 자양1파출소,37.5356431,127.0764146,police109
110,서울청,서울광진,자양4,파출소,02-2285-7890,서울특별시 광진구  뚝섬로22가길 43번지 자양4파출소,경찰서,서울특별시 광진구  뚝섬로22가길 43번지 자양4파출소,서울광진 자양4파출소,37.5351870096292,127.063635996316,police110
111,서울청,서울광진,구의,파출소,02-2285-7800,서울특별시 광진구 광나루로 43길 26 구의파출소,경찰서,서울특별시 광진구 광나루로 43길 26 구의파출소,서울광진 구의파출소,37.5458954287516,127.091667652198,police111
112,서울청,서울서부,응암,지구대,02-335-9800,서울특별시 은평구  은평로 171,경찰서,서울특별시 은평구  은평로 171,서울서부 응암지구대,37.6008877,126.9279925,police112
113,서울청,서울서부,신사,지구대,02-335-9810,서울특별시 은평구  은평터널로5길 6호,경찰서,서울특별시 은평구  은평터널로5길 6호,서울서부 신사지구대,37.5917796902503,126.90535752555,police113
114,서울청,서울서부,녹번,파출소,02-335-9820,서울특별시 은평구  진흥로 진흥로200,경찰서,서울특별시 은평구  진흥로 진흥로200,서울서부 녹번파출소,37.6088118976774,126.931835604338,police114
115,서울청,서울서부,응암3,파출소,02-335-9830,서울특별시 은평구  응암로 208 ,경찰서,서울특별시 은평구  응암로 208 ,서울서부 응암3파출소,37.5863901,126.9165811,police115
116,서울청,서울서부,역촌,파출소,02-350-1934,서울특별시 은평구  연서로 61,경찰서,서울특별시 은평구  연서로 61,서울서부 역촌파출소,37.6181121,126.9199353,police116
117,서울청,서울강북,미아,지구대,02-944-4112,서울특별시 강북구 도봉로 127,경찰서,서울특별시 강북구 도봉로 127,서울강북 미아지구대,37.614782,127.030116,police117
118,서울청,서울강북,솔샘,지구대,02-944-4122-7,서울특별시 강북구 오현로 4,경찰서,서울특별시 강북구 오현로 4,서울강북 솔샘지구대,37.6171416,127.0329704,police118
119,서울청,서울강북,수유1,파출소,02-944-4132,서울특별시 강북구  삼양로 305,경찰서,서울특별시 강북구  삼양로 305,서울강북 수유1파출소,37.6267735,127.0187041,police119
120,서울청,서울강북,수유2,파출소,02-944-4141,서울특별시 강북구 삼각산로 115,경찰서,서울특별시 강북구 삼각산로 115,서울강북 수유2파출소,37.6409074,127.0170752,police120
121,서울청,서울강북,수유3,파출소,02-944-4153,서울특별시 강북구  한천로150길 76,경찰서,서울특별시 강북구  한천로150길 76,서울강북 수유3파출소,37.6434093,127.0242047,police121
122,서울청,서울강북,인수,파출소,02-944-4163,서울특별시 강북구 인수봉로 227,경찰서,서울특별시 강북구 인수봉로 227,서울강북 인수파출소,37.6363,127.013,police122
123,서울청,서울강북,번동,파출소,02-944-4173,서울특별시 강북구  한천로 969,경찰서,서울특별시 강북구  한천로 969,서울강북 번동파출소,37.6377792,127.0311436,police123
124,서울청,서울강북,번3,파출소,02-944-4183,서울특별시 강북구  월계로 227,경찰서,서울특별시 강북구  월계로 227,서울강북 번3파출소,37.6216743,127.0447192,police124
125,서울청,서울강북,삼양,파출소,02-944-4102,서울특별시 강북구  삼양로 239-1,경찰서,서울특별시 강북구  삼양로 239-1,서울강북 삼양파출소,37.6267735,127.0187041,police125
126,서울청,서울금천,금천,파출소,02-802-0113,서울특별시 금천구 시흥대로57길 45,경찰서,서울특별시 금천구 시흥대로57길 45,서울금천 금천파출소,37.4540807,126.9001453,police126
127,서울청,서울금천,문성,지구대,02-855-0112,서울특별시 금천구  독산로 76길 20,경찰서,서울특별시 금천구  독산로 76길 20,서울금천 문성지구대,37.4695360013908,126.903461586258,police127
128,서울청,서울금천,백산,지구대,02-805-0112,서울특별시 금천구  탑골로2길 37 백산지구대,경찰서,서울특별시 금천구  탑골로2길 37 백산지구대,서울금천 백산지구대,37.4510122,126.9125846570787,police128
129,서울청,서울금천,가산,파출소,02-864-0113,서울특별시 금천구  벚꽃로56길 174,경찰서,서울특별시 금천구  벚꽃로56길 174,서울금천 가산파출소,37.4838184,126.8837296,police129
130,서울청,서울금천,독산,파출소,02-807-0113,서울특별시 금천구  벚꽃로10길 89,경찰서,서울특별시 금천구  벚꽃로10길 89,서울금천 독산파출소,37.46466705,126.89476305607535,police130
131,서울청,서울중랑,망우,지구대,02-2171-0300,서울특별시 중랑구  망우로 391,경찰서,서울특별시 중랑구  망우로 391,서울중랑 망우지구대,37.59908315,127.09554094813717,police131
132,서울청,서울중랑,중화,지구대,02-2171-0303,서울특별시 중랑구  중랑천로 146,경찰서,서울특별시 중랑구  중랑천로 146,서울중랑 중화지구대,37.5980024,127.0722508,police132
133,서울청,서울중랑,용마,지구대,02-2171-0301,서울특별시 중랑구 동일로 566,경찰서,서울특별시 중랑구 동일로 566,서울중랑 용마지구대,37.5809535,127.07993965006122,police133
134,서울청,서울중랑,봉화,지구대,02-2171-0302,서울특별시 중랑구  신내로 177,경찰서,서울특별시 중랑구  신내로 177,서울중랑 봉화지구대,37.6036056,127.0959586,police134
135,서울청,서울중랑,면목본동,파출소,02-2171-0306,서울특별시 중랑구  상봉로 27,경찰서,서울특별시 중랑구  상봉로 27,서울중랑 면목본동파출소,37.5903782,127.093566,police135
136,서울청,서울중랑,면목삼팔,파출소,02-2171-0307,서울특별시 중랑구  사가정로41길 45 (면목3.8파출소),경찰서,서울특별시 중랑구  사가정로41길 45 ,서울중랑 면목삼팔파출소,37.5832071216876,127.084154900474,police136
137,서울청,서울중랑,상봉,파출소,02-2171-0304,서울특별시 중랑구  중랑천로 69 상봉파출소,경찰서,서울특별시 중랑구  중랑천로 69 상봉파출소,서울중랑 상봉파출소,37.591330049999996,127.07286318274492,police137
138,서울청,서울중랑,먹골,파출소,02-2171-0305,서울특별시 중랑구 숙선옹주로7길 1,경찰서,서울특별시 중랑구 숙선옹주로7길 1,서울중랑 먹골파출소,37.6153129,127.0820145,police138
139,서울청,서울강남,역삼,지구대,02-562-1623,서울특별시 강남구 언주로108길 20,경찰서,서울특별시 강남구 언주로108길 20,서울강남 역삼지구대,37.508598,127.0410805,police139
140,서울청,서울강남,논현1,파출소,02-544-5555,서울특별시 강남구 학동로 169,경찰서,서울특별시 강남구 학동로 169,서울강남 논현1파출소,37.5179943,127.0451199,police140
141,서울청,서울강남,논현2,파출소,02-543-0112,서울특별시 강남구 학동로 227,경찰서,서울특별시 강남구 학동로 227,서울강남 논현2파출소,37.5205262,127.0583961,police141
142,서울청,서울강남,삼성1,파출소,02-511-5049,서울특별시 강남구 영동대로112길 4,경찰서,서울특별시 강남구 영동대로112길 4,서울강남 삼성1파출소,37.5158846,127.065351,police142
143,서울청,서울강남,삼성2,파출소,02-562-1628,서울특별시 강남구 선릉로 624,경찰서,서울특별시 강남구 선릉로 624,서울강남 삼성2파출소,37.5290401,127.041123,police143
144,서울청,서울강남,청담,파출소,02-512-0112,서울특별시 강남구 학동로95길 19,경찰서,서울특별시 강남구 학동로95길 19,서울강남 청담파출소,37.5207944,127.05425615719173,police144
145,서울청,서울강남,신사,파출소,02-511-5087,서울특별시 강남구 도산대로 143,경찰서,서울특별시 강남구 도산대로 143,서울강남 신사파출소,37.5209419,127.031717,police145
146,서울청,서울강남,압구정,파출소,02-542-1103,서울특별시 강남구 압구정로 311,경찰서,서울특별시 강남구 압구정로 311,서울강남 압구정파출소,37.5280802,127.0300898,police146
147,서울청,서울관악,당곡,지구대,02-870-0810,서울특별시 관악구  남부순환로191길 12 당곡지구대,경찰서,서울특별시 관악구  남부순환로191길 12 당곡지구대,서울관악 당곡지구대,37.4860068452142,126.93436440338,police147
148,서울청,서울관악,낙성대,지구대,02-870-0820,"서울특별시 관악구  봉천로 540, 낙성대지구대",경찰서,"서울특별시 관악구  봉천로 540, 낙성대지구대",서울관악 낙성대지구대,37.4783189,126.95758903904786,police148
149,서울청,서울관악,신림,지구대,02-870-0830,서울특별시 관악구  남부순환로188길 12 신림지구대,경찰서,서울특별시 관악구  남부순환로188길 12 신림지구대,서울관악 신림지구대,37.4840164722611,126.933317348962,police149
150,서울청,서울관악,관악산,지구대,02-870-0840,서울특별시 관악구  신림로 178 관악산지구대,경찰서,서울특별시 관악구  신림로 178 관악산지구대,서울관악 관악산지구대,37.4740248,126.9353499,police150
151,서울청,서울관악,구암,지구대,02-870-0850,서울특별시 관악구 은천로 93,경찰서,서울특별시 관악구 은천로 93,서울관악 구암지구대,37.4862877,126.9366782,police151
152,서울청,서울관악,남현,파출소,02-870-0890,서울특별시 관악구  남현1가길 29 남현파출소,경찰서,서울특별시 관악구  남현1가길 29 남현파출소,서울관악 남현파출소,37.4746878600089,126.977875262005,police152
153,서울청,서울관악,난우,파출소,02-870-0860,서울특별시 관악구  난곡로64 난우파출소,경찰서,서울특별시 관악구  난곡로64 난우파출소,서울관악 난우파출소,37.4611182549024,126.919249954798,police153
154,서울청,서울관악,미성,파출소,02-870-0870,서울특별시 관악구  난곡로64가길 31,경찰서,서울특별시 관악구  난곡로64가길 31,서울관악 미성파출소,37.4794574,126.9156023,police154
155,서울청,서울관악,신사,지구대,02-870-0880,서울특별시 관악구  신사로 106,경찰서,서울특별시 관악구  신사로 106,서울관악 신사지구대,37.4896822,126.9200518,police155
156,서울청,서울강서,화곡,지구대,02-2604-0087,서울특별시 강서구  화곡로 308,경찰서,서울특별시 강서구  화곡로 308,서울강서 화곡지구대,37.5448628,126.8442059,police156
157,서울청,서울강서,공항,지구대,02-2662-0372,서울특별시 강서구  방화동로 5 ,경찰서,서울특별시 강서구  방화동로 5 ,서울강서 공항지구대,37.5690165,126.812867,police157
158,서울청,서울강서,까치산,지구대,02-2604-5053,서울특별시 강서구  강서로7길 39,경찰서,서울특별시 강서구  강서로7길 39,서울강서 까치산지구대,37.529266,126.8436032,police158
159,서울청,서울강서,가양,지구대,02-3665-9112,서울강서구 허준로221-22 염강초등학교 1층(임시청사),경찰서,서울강서구 허준로221-22 염강초등학교 1층,서울강서 가양지구대,37.5611125069483,126.864221559963,police159
160,서울청,서울강서,곰달래,지구대,02-2643-7994,서울특별시 강서구  곰달래로59길 12,경찰서,서울특별시 강서구  곰달래로59길 12,서울강서 곰달래지구대,37.5322838,126.8630494,police160
161,서울청,서울강서,방화3,파출소,02-2663-1121,서울특별시 강서구  금낭화로26길 16,경찰서,서울특별시 강서구  금낭화로26길 16,서울강서 방화3파출소,37.5799342,126.8154457,police161
162,서울청,서울강서,염창,지구대,02-3665-0660,서울특별시 강서구  공항대로59다길 80,경찰서,서울특별시 강서구  공항대로59다길 80,서울강서 염창지구대,37.55189145,126.86743299178204,police162
163,서울청,서울강서,등촌2,파출소,02-2651-0330,서울특별시 강서구  등촌로 167 ,경찰서,서울특별시 강서구  등촌로 167 ,서울강서 등촌2파출소,37.5515987,126.8639552,police163
164,서울청,서울강서,발산,지구대,02-2662-0330,서울특별시 강서구  수명로2길 46 ,경찰서,서울특별시 강서구  수명로2길 46 ,서울강서 발산지구대,37.5494117,126.82606921570515,police164
165,서울청,서울강서,화곡3,파출소,02-2604-2133,서울특별시 강서구  강서로45다길 71,경찰서,서울특별시 강서구  강서로45다길 71,서울강서 화곡3파출소,37.54466255,126.83519224834025,police165
166,서울청,서울강서,마곡,지구대,02-2620-9541,서울특별시 강서구 마곡중앙5로 32,경찰서,서울특별시 강서구 마곡중앙5로 32,서울강서 마곡지구대,37.5674795,126.8174008,police166
167,서울청,서울강동,천호,지구대,02-3449-7804,"서울특별시 강동구  구천면로 141, 천호지구대",경찰서,"서울특별시 강동구  구천면로 141, 천호지구대",서울강동 천호지구대,37.5425685,127.1208241,police167
168,서울청,서울강동,길동,지구대,02-3449-7814,서울특별시 강동구 양재대로96길 35,경찰서,서울특별시 강동구 양재대로96길 35,서울강동 길동지구대,37.5291727,127.1396958,police168
169,서울청,서울강동,성내,지구대,02-3449-7834,서울특별시 강동구  성내로 57 성내지구대 ,경찰서,서울특별시 강동구  성내로 57 성내지구대 ,서울강동 성내지구대,37.5286775394179,127.126957376122,police169
170,서울청,서울강동,암사,지구대,02-3449-7824,서울특별시 강동구  고덕로 137 암사지구대,경찰서,서울특별시 강동구  고덕로 137 암사지구대,서울강동 암사지구대,37.554996356036,127.140784057162,police170
171,서울청,서울강동,둔촌,파출소,02-3449-7854,서울특별시 강동구  진황도로 239 둔촌파출소,경찰서,서울특별시 강동구  진황도로 239 둔촌파출소,서울강동 둔촌파출소,37.5253343295674,127.145654106374,police171
172,서울청,서울강동,명일,파출소,02-3449-7844,서울특별시 강동구 동남로 895 명일파출소,경찰서,서울특별시 강동구 동남로 895 명일파출소,서울강동 명일파출소,37.5536441814625,127.156088167669,police172
173,서울청,서울강동,강일,파출소,02-3449-7864,서울특별시 강동구  아리수로91길 20,경찰서,서울특별시 강동구  아리수로91길 20,서울강동 강일파출소,37.5648223,127.1732598,police173
174,서울청,서울강동,고덕,파출소,02-3449-7874,서울특별시 강동구  고덕로 61길61,경찰서,서울특별시 강동구  고덕로 61길61,서울강동 고덕파출소,37.5573170397825,127.151706407438,police174
175,서울청,서울강동,상일,파출소,02-3449-7894,서울특별시 강동구 고덕로 80길 7,경찰서,서울특별시 강동구 고덕로 80길 7,서울강동 상일파출소,37.5562147602313,127.165843956821,police175
176,서울청,서울종암,석관,파출소,02-3396-7663,서울특별시 성북구  화랑로32가길 20 석관파출소,경찰서,서울특별시 성북구  화랑로32가길 20 석관파출소,서울종암 석관파출소,37.6089587454453,127.055268593826,police176
177,서울청,서울종암,장위,지구대,02-3396-7673,서울특별시 성북구 장위로174 장위지구대,경찰서,서울특별시 성북구 장위로174 장위지구대,서울종암 장위지구대,37.6194,127.0536,police177
178,서울청,서울종암,월곡,지구대,02-3396-7684,서울특별시 성북구  종암로32길 5 월곡지구대,경찰서,서울특별시 성북구  종암로32길 5 월곡지구대,서울종암 월곡지구대,37.6044172376097,127.032413134442,police178
179,서울청,서울종암,종암,파출소,02-3396-7693,서울특별시 성북구  종암로23길 52,경찰서,서울특별시 성북구  종암로23길 52,서울종암 종암파출소,37.5999635,127.0335971,police179
180,서울청,서울구로,신구로,지구대,02-853-0189,서울특별시 구로구 새말로 26 신구로지구대,경찰서,서울특별시 구로구 새말로 26 신구로지구대,서울구로 신구로지구대,37.5022709315884,126.88389609812,police180
181,서울청,서울구로,오류,지구대,02-840-8305,서울특별시 구로구  고척로1길 34 오류지구대,경찰서,서울특별시 구로구  고척로1길 34 오류지구대,서울구로 오류지구대,37.4948162993423,126.838842200207,police181
182,서울청,서울구로,구일,지구대,02-840-8302,서울특별시 구로구  도림로 63 구일지구대,경찰서,서울특별시 구로구  도림로 63 구일지구대,서울구로 구일지구대,37.4892521149095,126.890700200107,police182
183,서울청,서울구로,고척,지구대,02-2612-0112,서울특별시 구로구 중앙로 15길 30 고척지구대,경찰서,서울특별시 구로구 중앙로 15길 30 고척지구대,서울구로 고척지구대,37.5066010740517,126.858302326165,police183
184,서울청,서울구로,개봉,지구대,02-2612-0330,서울특별시 구로구  개봉로18길 5 개봉지구대,경찰서,서울특별시 구로구  개봉로18길 5 개봉지구대,서울구로 개봉지구대,37.4918322570645,126.856448965021,police184
185,서울청,서울구로,구로3,파출소,02-866-0112,서울특별시 구로구  디지털로31길 86 구로3파출소,경찰서,서울특별시 구로구  디지털로31길 86 구로3파출소,서울구로 구로3파출소,37.4866606515713,126.891399918226,police185
186,서울청,서울구로,가리봉,파출소,02-854-0112,서울특별시 구로구 남부순환로 1275 가리봉파출소,경찰서,서울특별시 구로구 남부순환로 1275 가리봉파출소,서울구로 가리봉파출소,37.4791982,126.8918152,police186
187,서울청,서울구로,천왕,파출소,02-840-8308,서울특별시 구로구 오리로 1102-8,경찰서,서울특별시 구로구 오리로 1102-8,서울구로 천왕파출소,37.5006808,126.8291489,police187
188,서울청,서울서초,반포,지구대,02-536-8477,서울특별시 서초구 신반포로190,경찰서,서울특별시 서초구 신반포로190,서울서초 반포지구대,37.5059651429834,127.005186250271,police188
189,서울청,서울서초,서초2,파출소,02-536-8477,서울 서초구 서운로 38,경찰서,서울 서초구 서운로 38,서울서초 서초2파출소,37.4865,127.0298589,police189
190,서울청,서울서초,서초3,파출소,02-572-0692,서울 서초구 반포대로30길 40,경찰서,서울 서초구 반포대로30길 40,서울서초 서초3파출소,37.4921785,127.0110013,police190
191,서울청,서울서초,양재,파출소,02-572-0113,서울 서초구 남부순환로356길 9,경찰서,서울 서초구 남부순환로356길 9,서울서초 양재파출소,37.4845,127.0377298,police191
192,서울청,서울서초,서초,파출소,02-583-6249,서울 서초구 효령로 297,경찰서,서울 서초구 효령로 297,서울서초 서초파출소,37.47797,126.98805,police192
193,서울청,서울서초,우면,파출소,02-581-1120,서울 서초구 바우뫼로 45,경찰서,서울 서초구 바우뫼로 45,서울서초 우면파출소,37.46912,129.0272,police193
194,서울청,서울서초,내곡,파출소,02-573-5826,서울특별시 서초구 헌릉로 226,경찰서,서울특별시 서초구 헌릉로 226,서울서초 내곡파출소,37.4623157,127.0479345,police194
195,서울청,서울양천,목1,지구대,02-2648-0040,서울특별시 양천구  목동동로 373,경찰서,서울특별시 양천구  목동동로 373,서울양천 목1지구대,37.5254896,126.8787,police195
196,서울청,서울양천,목2,지구대,02-2652-0112,서울특별시 양천구  등촌로 166,경찰서,서울특별시 양천구  등촌로 166,서울양천 목2지구대,37.540304,126.8639268,police196
197,서울청,서울양천,신정1,지구대,02-2643-0113,서울특별시 양천구  중앙로32길 65,경찰서,서울특별시 양천구  중앙로32길 65,서울양천 신정1지구대,37.5203,126.85754,police197
198,서울청,서울양천,신정2,지구대,02-2699-0678,서울특별시 양천구 목동로17길 5,경찰서,서울특별시 양천구 목동로17길 5,서울양천 신정2지구대,37.5243934,126.8618085,police198
199,서울청,서울양천,신월2,지구대,02-2608-0112,서울특별시 양천구 지양로 55,경찰서,서울특별시 양천구 지양로 55,서울양천 신월2지구대,37.5205342,126.8349,police199
200,서울청,서울양천,신월1,파출소,02-2602-0092,서울특별시 양천구  남부순환로59길 8 ,경찰서,서울특별시 양천구  남부순환로59길 8 ,서울양천 신월1파출소,37.5320724,126.8318903,police200
201,서울청,서울양천,신정3,파출소,02-2696-2305,서울특별시 양천구  중앙로 205,경찰서,서울특별시 양천구  중앙로 205,서울양천 신정3파출소,37.5278243,126.8489201,police201
202,서울청,서울양천,신월5,파출소,02-2693-0113,서울특별시 양천구  남부순환로31길 37,경찰서,서울특별시 양천구  남부순환로31길 37,서울양천 신월5파출소,37.5388956,126.8298885,police202
203,서울청,서울송파,방이,지구대,02-3402-6301,서울특별시 송파구  양재대로71길 5-6,경찰서,서울특별시 송파구  양재대로71길 5-6,서울송파 방이지구대,37.5108518,127.1247501,police203
204,서울청,서울송파,잠실,지구대,02-3402-6302,서울특별시 송파구  올림픽로 101,경찰서,서울특별시 송파구  올림픽로 101,서울송파 잠실지구대,37.512098848307,127.082140287795,police204
205,서울청,서울송파,삼전,지구대,02-3402-6303,서울특별시 송파구  백제고분로 238,경찰서,서울특별시 송파구  백제고분로 238,서울송파 삼전지구대,37.5115816,127.0783384,police205
206,서울청,서울송파,가락,지구대,02-3402-6304,서울특별시 송파구  중대로 179,경찰서,서울특별시 송파구  중대로 179,서울송파 가락지구대,37.5089089,127.1325092,police206
207,서울청,서울송파,문정,지구대,02-3402-6305,서울특별시 송파구 충민로2길 18,경찰서,서울특별시 송파구 충민로2길 18,서울송파 문정지구대,37.4781044,127.1273688,police207
208,서울청,서울송파,마천,파출소,02-3402-6306,서울특별시 송파구  마천로 41길 8,경찰서,서울특별시 송파구  마천로 41길 8,서울송파 마천파출소,37.497026751356,127.148210129756,police208
209,서울청,서울송파,거여,파출소,02-3402-6307,서울특별시 송파구 새말로15길 9,경찰서,서울특별시 송파구 새말로15길 9,서울송파 거여파출소,37.4863523,127.1306968,police209
210,서울청,서울송파,풍납,파출소,02-3402-6308,서울특별시 송파구  토성로 64,경찰서,서울특별시 송파구  토성로 64,서울송파 풍납파출소,37.5287,127.116772,police210
211,서울청,서울송파,오금,파출소,02-3402-6309,서울특별시 송파구  마천로8길 17,경찰서,서울특별시 송파구  마천로8길 17,서울송파 오금파출소,37.506862,127.1277464,police211
212,서울청,서울송파,신천,파출소,02-3402-6310,서울특별시 송파구  올림픽로35길 12 ,경찰서,서울특별시 송파구  올림픽로35길 12 ,서울송파 신천파출소,37.5169432,127.1125,police212
213,서울청,서울송파,위례,파출소,02-3402-6300,서울특별시 송파구 위례순환로 369,경찰서,서울특별시 송파구 위례순환로 369,서울송파 위례파출소,37.4778842,127.14591125,police213
214,서울청,서울노원,당현,지구대,02-2092-0301,서울특별시 노원구  노원로17길 64번지,경찰서,서울특별시 노원구  노원로17길 64번지,서울노원 당현지구대,37.6420207179331,127.068355620094,police214
215,서울청,서울노원,월계,지구대,02-2092-0302,서울특별시 노원구  월계로55길 58,경찰서,서울특별시 노원구  월계로55길 58,서울노원 월계지구대,37.63291,127.05964,police215
216,서울청,서울노원,화랑,지구대,02-2092-0303,서울특별시 노원구  동일로 1034,경찰서,서울특별시 노원구  동일로 1034,서울노원 화랑지구대,37.6892862,127.0554815,police216
217,서울청,서울노원,노원역,지구대,02-2092-0304,서울특별시 노원구 노원로431,경찰서,서울특별시 노원구 노원로431,서울노원 노원역지구대,37.6550055224449,127.066916404341,police217
218,서울청,서울노원,불암,지구대,02-2092-0305,서울특별시 노원구  한글비석로 277,경찰서,서울특별시 노원구  한글비석로 277,서울노원 불암지구대,37.6661065,127.06948626989912,police218
219,서울청,서울노원,마들,지구대,02-2092-0306,서울특별시 노원구  한글비석로 489 마들지구대,경찰서,서울특별시 노원구  한글비석로 489 마들지구대,서울노원 마들지구대,37.6645870330059,127.063618910994,police219
220,서울청,서울노원,당고개,파출소,02-2092-0307,서울특별시 노원구  상계로35길 29(임시청사),경찰서,서울특별시 노원구  상계로35길 29,서울노원 당고개파출소,37.6714710858571,127.077852732199,police220
221,서울청,서울노원,상계1,파출소,02-2092-0308,서울특별시 노원구  동일로 1693,경찰서,서울특별시 노원구  동일로 1693,서울노원 상계1파출소,37.6747372,127.0551509,police221
222,서울청,서울방배,남태령,지구대,02-582-8410,서울특별시 서초구  동작대로 34,경찰서,서울특별시 서초구  동작대로 34,서울방배 남태령지구대,37.4766578,126.9817796,police222
223,서울청,서울방배,서래,파출소,02-534-0116,서울특별시 서초구  신반포로 16길 15-14,경찰서,서울특별시 서초구  신반포로 16길 15-14,서울방배 서래파출소,37.5021102658365,126.996967303365,police223
224,서울청,서울방배,이수,파출소,02-599-3880,서울특별시 서초구  동광로19길 38,경찰서,서울특별시 서초구  동광로19길 38,서울방배 이수파출소,37.4942,126.9885481,police224
225,서울청,서울방배,방배1,파출소,02-583-7694,서울특별시 서초구  효령로 31길 64,경찰서,서울특별시 서초구  효령로 31길 64,서울방배 방배1파출소,37.4839605943547,126.995340912361,police225
226,서울청,서울은평,불광,지구대,02-350-1932,서울특별시 은평구  연서로 290,경찰서,서울특별시 은평구  연서로 290,서울은평 불광지구대,37.6181121,126.9199353,police226
227,서울청,서울은평,연신내,지구대,02-350-1936,서울특별시 은평구  갈현로 195,경찰서,서울특별시 은평구  갈현로 195,서울은평 연신내지구대,37.61516365,126.91272994396896,police227
228,서울청,서울은평,진관,파출소,02-350-1930,서울특별시 은평구  진관3로 38 진관파출소,경찰서,서울특별시 은평구  진관3로 38 진관파출소,서울은평 진관파출소,37.63994935,126.92082453139429,police228
229,서울청,서울은평,대조,파출소,02-350-1938,서울특별시 은평구  통일로 737,경찰서,서울특별시 은평구  통일로 737,서울은평 대조파출소,37.63248,126.9180513,police229
230,서울청,서울도봉,창동,지구대,02-2289-9813,서울특별시 도봉구 노해로 392,경찰서,서울특별시 도봉구 노해로 392,서울도봉 창동지구대,37.6521,127.0500124,police230
231,서울청,서울도봉,신창,파출소,02-2289-9823,서울특별시 도봉구  도봉로104길 49-5,경찰서,서울특별시 도봉구  도봉로104길 49-5,서울도봉 신창파출소,37.6450017,127.0382549,police231
232,서울청,서울도봉,방학,파출소,02-2289-9833,서울특별시 도봉구  도봉로145길 45 방학파출소,경찰서,서울특별시 도봉구  도봉로145길 45 방학파출소,서울도봉 방학파출소,37.6645033394704,127.040015484734,police232
233,서울청,서울도봉,신방학,파출소,02-2289-9843,서울특별시 도봉구  시루봉로5길 10,경찰서,서울특별시 도봉구  시루봉로5길 10,서울도봉 신방학파출소,37.6583588,127.0251072,police233
234,서울청,서울도봉,도봉1,파출소,02-2289-9853,서울특별시 도봉구  도봉로169길 43 도봉1파출소,경찰서,서울특별시 도봉구  도봉로169길 43 도봉1파출소,서울도봉 도봉1파출소,37.6795,127.0435,police234
235,서울청,서울도봉,도봉2,파출소,02-2289-9863,서울특별시 도봉구 도봉로 180나길 33,경찰서,서울특별시 도봉구 도봉로 180나길 33,서울도봉 도봉2파출소,37.6839933331141,127.049278285409,police235
236,서울청,서울도봉,쌍문,파출소,02-2289-9873,서울특별시 도봉구  방학로3길 132,경찰서,서울특별시 도봉구  방학로3길 132,서울도봉 쌍문파출소,37.6597268,127.0395908,police236
237,서울청,서울도봉,숭미,파출소,02-2289-9883,서울특별시 도봉구  노해로 139 숭미파출소,경찰서,서울특별시 도봉구  노해로 139 숭미파출소,서울도봉 숭미파출소,37.6475127555581,127.025582768186,police237
238,서울청,서울수서,도곡,지구대,02-568-2522,서울특별시 강남구  언주로 426,경찰서,서울특별시 강남구  언주로 426,서울수서 도곡지구대,37.530458,127.0340568,police238
239,서울청,서울수서,대치,지구대,02-538-1312,서울특별시 강남구  삼성로 203,경찰서,서울특별시 강남구  삼성로 203,서울수서 대치지구대,37.5067702,127.0567976,police239
240,서울청,서울수서,수서,파출소,02-445-0112,서울특별시 강남구  밤고개로1길 48,경찰서,서울특별시 강남구  밤고개로1길 48,서울수서 수서파출소,37.4888508,127.1033456,police240
241,서울청,서울수서,대왕,파출소,02-3411-0323,서울특별시 강남구  헌릉로 623,경찰서,서울특별시 강남구  헌릉로 623,서울수서 대왕파출소,37.4661582,127.117042,police241
242,서울청,서울수서,일원,지구대,02-3411-0112,서울특별시 강남구  일원로3길 35 일원파출소,경찰서,서울특별시 강남구  일원로3길 35 일원파출소,서울수서 일원지구대,37.4924161491256,127.083373556556,police242
243,서울청,서울수서,개포,지구대,02-571-0112,서울특별시 강남구  개포로 261(1268),경찰서,서울특별시 강남구  개포로 261,서울수서 개포지구대,37.4797783863169,127.051167625269,police243
